{"constellations":[[1,1,22.316059,148.139238],[1,0,8.691636,39.264377],[1,2,-35.483336,231.808841],[1,3,2.712974,86.445838],[0,0,-5.092125,168.282405],[0,1,45.117021,142.824754],[0,2,8.539345,104.320236],[0,3,-5.936666,14.392748],[2,2,-3.635628,98.55856],[2,0,-51.781163,177.548259],[2,1,-46.228432,185.949743],[2,3,-31.256762,2.939275],[3,3,-30.434451,130.030096],[3,2,92.700918,124.483056],[3,0,-8.301388,181.784123],[3,1,2.08878,156.911612]],"default":[[1,1,-15.28933,48.240768],[1,0,-30.893442,47.379207],[1,2,8.736619,248.188156],[1,3,24.533921,142.03556],[0,0,-11.829975,88.051278],[0,1,-6.607327,9.704753],[0,2,-3.259476,41.944539],[0,3,15.855771,28.331329],[2,2,-40.829068,66.465471],[2,0,-13.219255,19.338118],[2,1,4.277797,117.62391],[2,3,12.234294,34.898627],[3,3,27.442574,3.183096],[3,2,-24.780663,2.02271],[3,0,-37.211304,90.412521],[3,1,-22.112782,21.559995]],"emerald city":[[1,1,-66.166519,17.022189],[1,0,-42.936972,171.29965],[1,2,-49.73955,150.216825],[1,3,0,7.295429],[0,0,17.857696,25.323906],[0,1,-17.232975,170.479723],[0,2,-5.7759,2.972285],[0,3,0,90.530047],[2,2,0,114.699302],[2,0,-70.849332,10.243401],[2,1,74.370598,170.970755],[2,3,0,92.240054],[3,3,-71.746472,12.827105],[3,2,0,48.7504],[3,0,-9.401331,33.42193],[3,1,38.455094,40.783202]],"gluttonous red":[[1,1,10.735556,8.591672],[1,0,-0.940654,76.741761],[1,2,72.363638,3.712778],[1,3,0.214503,51.601527],[0,0,-3.55184,58.033259],[0,1,46.991587,113.621686],[0,2,25.631485,98.389544],[0,3,6.057608,294.726108],[2,2,19.115705,17.788136],[2,0,12.582138,106.34494],[2,1,-17.102605,8.446525],[2,3,0,89.402734],[3,3,-23.89231,149.342423],[3,2,17.41226,52.037221],[3,0,0,155.407656],[3,1,58.311407,215.045134]],"green goblin":[[1,1,-49.1,12.899393],[1,0,7.930012,195.758176],[1,2,-11.9,16.883159],[1,3,-8.5,38.607582],[0,0,-2.613494,98.235866],[0,1,-5.1,48.263585],[0,2,5.36399,116.079797],[0,3,51.860944,39.578761],[2,2,-1.843649,174.388761],[2,0,46.293661,66.35268],[2,1,17.162164,20.51568],[2,3,-10.348381,10.505369],[3,3,1.7,376.041797],[3,2,32.311992,35.47753],[3,0,28.617432,96.341258],[3,1,-4.218638,63.696603]],"punching green balls":[[1,1,51.017071,95.653266],[1,0,-65.352702,68.50376],[1,2,58.615612,230.462715],[1,3,1.960051,120.376647],[0,0,36.994318,167.535111],[0,1,76.057821,136.489362],[0,2,30.622082,229.826614],[0,3,47.784325,168.592691],[2,2,-43.092234,136.656359],[2,0,35.299688,23.378959],[2,1,-1.598431,14.354645],[2,3,-17.52161,119.975753],[3,3,24.486442,205.874264],[3,2,-45.87043,12.074822],[3,0,3.279962,139.9097],[3,1,21.111771,163.045973]],"unstable organism":[[1,1,4.5,400],[1,0,0,0],[1,2,0,0],[1,3,31.5,103],[0,0,10.5,95],[0,1,-20,184],[0,2,0,0],[0,3,31.5,150],[2,2,-23.5,115.875885],[2,0,26,225],[2,1,15,200],[2,3,0,150.086671],[3,3,-20,60],[3,2,2.5,400],[3,0,1.5,50],[3,1,15,150]],"white hunt":[[1,1,-61.034161,53.49632],[1,0,-2.17461,123.873994],[1,2,-24.686662,57.812694],[1,3,-87.562651,198.66617],[0,0,2.38051,212.303221],[0,1,-14.060832,81.129529],[0,2,-11.601067,224.878296],[0,3,-45.194695,16.415151],[2,2,-22.762428,68.477824],[2,0,58.68598,96.338369],[2,1,13.630667,16.672613],[2,3,32.447159,228.058875],[3,3,49.171076,120.98898],[3,2,-33.886284,181.646556],[3,0,45.891515,248.605877],[3,1,-15.61207,50.74859]]}
