{"bouncy balls":[[1,1,40.847707,45.19572],[1,0,1.548231,41.576277],[1,2,10.294052,109.408454],[1,3,-2.764994,26.090192],[0,0,47.830042,212.823989],[0,1,7.778775,8.499589],[0,2,-14.483609,102.099068],[0,3,13.115048,122.406208],[2,2,71.000931,185.864212],[2,0,0,17.65873],[2,1,0,18.206425],[2,3,0,41.323002],[3,3,-51.387732,142.120793],[3,2,31.737728,126.206692],[3,0,-10.275709,93.609084],[3,1,-52.555633,16.521074]],"bubble membrane":[[1,1,-10,90],[1,0,-10,80],[1,2,2,125],[1,3,37.5,250],[0,0,-14,135],[0,1,0,70],[0,2,15,70],[0,3,-40,245],[2,2,78.5,70],[2,0,0,75],[2,1,24.5,135],[2,3,57.5,240],[3,3,-53.5,280],[3,2,4.5,65],[3,0,-35.5,110],[3,1,6.5,375]],"constellations":[[1,1,22.316059,148.139238],[1,0,8.691636,39.264377],[1,2,-35.483336,231.808841],[1,3,2.712974,86.445838],[0,0,-5.092125,168.282405],[0,1,45.117021,142.824754],[0,2,8.539345,104.320236],[0,3,-5.936666,14.392748],[2,2,-3.635628,98.55856],[2,0,-51.781163,177.548259],[2,1,-46.228432,185.949743],[2,3,-31.256762,2.939275],[3,3,-30.434451,130.030096],[3,2,92.700918,124.483056],[3,0,-8.301388,181.784123],[3,1,2.08878,156.911612]],"default":[[1,1,-15.28933,48.240768],[1,0,-30.893442,47.379207],[1,2,8.736619,248.188156],[1,3,24.533921,142.03556],[0,0,-11.829975,88.051278],[0,1,-6.607327,9.704753],[0,2,-3.259476,41.944539],[0,3,15.855771,28.331329],[2,2,-40.829068,66.465471],[2,0,-13.219255,19.338118],[2,1,4.277797,117.62391],[2,3,12.234294,34.898627],[3,3,27.442574,3.183096],[3,2,-24.780663,2.02271],[3,0,-37.211304,90.412521],[3,1,-22.112782,21.559995]],"emerald city":[[1,1,-66.166519,17.022189],[1,0,-42.936972,171.29965],[1,2,-49.73955,150.216825],[1,3,0,7.295429],[0,0,17.857696,25.323906],[0,1,-17.232975,170.479723],[0,2,-5.7759,2.972285],[0,3,0,90.530047],[2,2,0,114.699302],[2,0,-70.849332,10.243401],[2,1,74.370598,170.970755],[2,3,0,92.240054],[3,3,-71.746472,12.827105],[3,2,0,48.7504],[3,0,-9.401331,33.42193],[3,1,38.455094,40.783202]],"gluttonous red":[[1,1,10.735556,8.591672],[1,0,-0.940654,76.741761],[1,2,72.363638,3.712778],[1,3,0.214503,51.601527],[0,0,-3.55184,58.033259],[0,1,46.991587,113.621686],[0,2,25.631485,98.389544],[0,3,6.057608,294.726108],[2,2,19.115705,17.788136],[2,0,12.582138,106.34494],[2,1,-17.102605,8.446525],[2,3,0,89.402734],[3,3,-23.89231,149.342423],[3,2,17.41226,52.037221],[3,0,0,155.407656],[3,1,58.311407,215.045134]],"green end":[[1,1,-88.13999,11.449623],[1,0,92.672188,194.159171],[1,2,-35.847543,17.770038],[1,3,-3.217942,13.880164],[0,0,0,59.383691],[0,1,39.983852,192.490311],[0,2,0,114.923688],[0,3,24.047411,245.059908],[2,2,2.01802,4.384869],[2,0,15.504585,164.333409],[2,1,3.917665,124.049053],[2,3,-68.374952,80.79911],[3,3,-54.695729,31.603999],[3,2,86.518041,149.088772],[3,0,-79.567945,202.809989],[3,1,83.628125,33.593085]],"green goblin":[[1,1,-49.1,12.899393],[1,0,7.930012,195.758176],[1,2,-11.9,16.883159],[1,3,-8.5,38.607582],[0,0,-2.613494,98.235866],[0,1,-5.1,48.263585],[0,2,5.36399,116.079797],[0,3,51.860944,39.578761],[2,2,-1.843649,174.388761],[2,0,46.293661,66.35268],[2,1,17.162164,20.51568],[2,3,-10.348381,10.505369],[3,3,1.7,376.041797],[3,2,32.311992,35.47753],[3,0,28.617432,96.341258],[3,1,-4.218638,63.696603]],"prison of light":[[1,1,-19.889909,0.510604],[1,0,16.499444,17.653686],[1,2,-60.060119,9.283102],[1,3,-4.334476,112.097383],[0,0,2.605122,60.173701],[0,1,0.724538,60.250546],[0,2,16.146646,192.370196],[0,3,-10.367039,53.901302],[2,2,-10.948631,14.702042],[2,0,-8.33476,46.892183],[2,1,-17.967006,3.402914],[2,3,5.733763,72.785386],[3,3,2.359871,125.571006],[3,2,-8.008691,2.573393],[3,0,8.128511,159.224093],[3,1,0,6.089299]],"punching green balls":[[1,1,51.017071,95.653266],[1,0,-65.352702,68.50376],[1,2,58.615612,230.462715],[1,3,1.960051,120.376647],[0,0,36.994318,167.535111],[0,1,76.057821,136.489362],[0,2,30.622082,229.826614],[0,3,47.784325,168.592691],[2,2,-43.092234,136.656359],[2,0,35.299688,23.378959],[2,1,-1.598431,14.354645],[2,3,-17.52161,119.975753],[3,3,24.486442,205.874264],[3,2,-45.87043,12.074822],[3,0,3.279962,139.9097],[3,1,21.111771,163.045973]],"red and blue wants green":[[1,1,-39.188024,85.377972],[1,0,26.035619,135.092191],[1,2,-0.085862,388.47001],[1,3,12.80712,191.210885],[0,0,97.179182,130.479676],[0,1,-36.065765,142.19773],[0,2,-70.626381,11.730107],[0,3,-89.431645,100.86514],[2,2,5.129689,249.110245],[2,0,-94.015506,57.773983],[2,1,-15.973206,37.914743],[2,3,7.312895,242.351442],[3,3,-24.647912,100.401359],[3,2,73.39111,222.156395],[3,0,-33.038334,53.361676],[3,1,1.670318,3.183731]],"spore seed":[[1,1,-55.285207,53.520575],[1,0,2.792089,32.584057],[1,2,-7.124732,114.933916],[1,3,18.8,298.327924],[0,0,-24.8,119.925819],[0,1,-31.9,238],[0,2,3.625536,93.644519],[0,3,-13.242621,96.188819],[2,2,-4.20156,27.879988],[2,0,25.509261,0.894292],[2,1,49.398352,150.412414],[2,3,13.589422,141.822136],[3,3,0.199693,196.41908],[3,2,43.731864,29.025206],[3,0,0,41.040764],[3,1,-11.777955,20.490816]],"unstable organism":[[1,1,4.5,400],[1,0,0,0],[1,2,0,0],[1,3,31.5,103],[0,0,10.5,95],[0,1,-20,184],[0,2,0,0],[0,3,31.5,150],[2,2,-23.5,115.875885],[2,0,26,225],[2,1,15,200],[2,3,0,150.086671],[3,3,-20,60],[3,2,2.5,400],[3,0,1.5,50],[3,1,15,150]],"white hunt":[[1,1,-61.034161,53.49632],[1,0,-2.17461,123.873994],[1,2,-24.686662,57.812694],[1,3,-87.562651,198.66617],[0,0,2.38051,212.303221],[0,1,-14.060832,81.129529],[0,2,-11.601067,224.878296],[0,3,-45.194695,16.415151],[2,2,-22.762428,68.477824],[2,0,58.68598,96.338369],[2,1,13.630667,16.672613],[2,3,32.447159,228.058875],[3,3,49.171076,120.98898],[3,2,-33.886284,181.646556],[3,0,45.891515,248.605877],[3,1,-15.61207,50.74859]]}
